{
    "3": {
        "1": {
            "angles": [
                -2.526112630848722,
                1.178096198604872
            ],
            "AR": 0.69245005020442
        },
        "2": {
            "angles": [
                -2.6537053,
                -5.38542672,
                1.01604087,
                1.27853893
            ],
            "AR": 0.7559063097485101
        },
        "3": {
            "angles": [
                0.41787832,
                0.79214776,
                0.93232948,
                0.60032889,
                0.45241986,
                0.23511412
            ],
            "AR": 0.792315514902161
        },
        "4": {
            "angles": [
                0.40718406,
                0.77873346,
                0.97786102,
                1.14390016,
                0.59413038,
                0.44061878,
                0.31250151,
                0.16312574
            ],
            "AR": 0.8167299894216052
        },
        "5": {
            "angles": [
                -0.3592396,
                -3.84770284,
                -3.96376046,
                -1.003988,
                -4.29516192,
                0.93905843,
                0.52261397,
                1.18051168,
                1.29460152,
                1.72013775
            ],
            "AR": 0.8363793482380077
        },
        "6": {
            "angles": [
                -0.33146716,
                -3.78674896,
                -7.01448834,
                -0.83674612,
                -4.1513686,
                -4.26841648,
                0.93509952,
                0.53407238,
                2.0337603,
                0.35987601,
                1.31228924,
                0.13888416
            ],
            "AR": 0.8498938819897202
        },
        "7": {
            "angles": [
                0.3075471,
                0.62011806,
                0.7006096,
                0.76412924,
                0.86567754,
                1.03551756,
                1.1258363,
                0.64806401,
                0.55839915,
                0.5007673,
                0.45132269,
                0.33452177,
                0.23544465,
                0.12965313
            ],
            "AR": 0.859619124021074
        },
        "8": {
            "angles": [
                0.30221036,
                0.60130604,
                0.6597921,
                0.7115199,
                0.77304704,
                0.86802418,
                1.02383154,
                1.10452208,
                0.65650754,
                0.56238557,
                0.49776919,
                0.46996502,
                0.41361734,
                0.31031851,
                0.22814776,
                0.12058734
            ],
            "AR": 0.8672299758118122
        },
        "9": {
            "angles": [
                0.2794012,
                0.56613324,
                0.6312226,
                0.67933252,
                0.72624066,
                0.76805642,
                0.874522,
                1.03747092,
                1.11798666,
                0.65447387,
                0.56186397,
                0.5090114,
                0.48677629,
                0.45143509,
                0.40321108,
                0.30473032,
                0.21983296,
                0.11718174
            ],
            "AR": 0.8723780358122347
        },
        "10": {
            "angles": [
                0.26671636,
                0.5448227,
                0.60998102,
                0.65626008,
                0.69570836,
                0.7287574,
                0.77387758,
                0.88211138,
                1.043801,
                1.11525922,
                0.65558354,
                0.56318149,
                0.51388817,
                0.49558422,
                0.46889487,
                0.43574328,
                0.38847067,
                0.29117619,
                0.21050905,
                0.11238794
            ],
            "AR": 0.8785275447411593
        },
        "11": {
            "angles": [
                0.2572874,
                0.52804058,
                0.59177096,
                0.6396915,
                0.67720562,
                0.70206146,
                0.73702426,
                0.7753075,
                0.88355874,
                1.04697026,
                1.11523772,
                0.65643879,
                0.56334713,
                0.51630143,
                0.50366825,
                0.481823,
                0.45601256,
                0.42143463,
                0.37077327,
                0.27645017,
                0.20094698,
                0.1072507
            ],
            "AR": 0.8828425408436951
        },
        "12": {
            "angles": [],
            "AR": -10
        }
    },
    "4": {
        "1": {
            "angles": [
                [
                    0.9219591246829175
                ],
                [
                    0.6086897883771427
                ]
            ],
            "AR": 0.6315252011050679
        },
        "2": {
            "angles": [
                [
                    0.5720533455267787,
                    0.8608319573690494
                ],
                [
                    0.4065570777982048,
                    1.081771128300726
                ]
            ],
            "AR": 0.7124803034177163
        },
        "3": {
            "angles": [
                [
                    0.4300398495157995,
                    0.13861616334829854,
                    0.4648460864427608
                ],
                [
                    0.5822171896292961,
                    0.1996415783539933,
                    0.7122885015622064
                ]
            ],
            "AR": 0.7593882355953572
        },
        "4": {
            "angles": [
                [
                    0.44666451851669503,
                    0.08734232627040518,
                    0.09534343445291386,
                    0.8812698035080536
                ],
                [
                    0.11445073116892575,
                    0.31927739717489906,
                    0.9393818914499722,
                    0.11275354936194078
                ]
            ],
            "AR": 0.7843042225596838
        }
    },
    "5": {
        "1": {
            "angles": [
                [
                    0.43279072809313784
                ],
                [
                    0.40115234294817526
                ]
            ],
            "AR": 0.6015077233868955
        },
        "2": {
            "angles": [
                [
                    0.5565718264304317,
                    0.9040839313530044
                ],
                [
                    0.6186633226106697,
                    0.4145355698898132
                ]
            ],
            "AR": 0.6932100453074409
        },
        "3": {
            "angles": [
                [
                    0.4440523029436734,
                    0.5573614619289531,
                    0.4738863142986155
                ],
                [
                    0.32412616801346117,
                    0.21158492200364892,
                    0.8145277722998174
                ]
            ],
            "AR": 0.731645777105323
        }
    }
}