{"(1, 3)": {"AR": 0.69245005020442}, "(1, 4)": {"val": -0.26305040221013587, "params": {"p": 1}, "angles": [[0.9219591246829175], [0.6086897883771427]], "AR": 0.6315252011050679, "fname": "BETHE_DATA_OUT/p_1_nu_4KAYPV.tmp"}, "(1, 5)": {"val": -0.20301544677379096, "params": {"p": 1}, "angles": [[0.43279072809313784], [0.40115234294817526]], "AR": 0.6015077233868955, "fname": "BETHE_DATA_OUT/p_1_nu_5FSVVI.tmp"}, "(2, 3)": {"AR": 0.7559063097485101}, "(2, 4)": {"val": -0.4249606068354325, "params": {"p": 2}, "angles": [[0.5720533455267787, 0.8608319573690494], [0.4065570777982048, 1.081771128300726]], "AR": 0.7124803034177163, "fname": "BETHE_DATA_OUT/p_2_nu_4FKWOM.tmp"}, "(2, 5)": {"val": -0.38642009061488175, "params": {"p": 2}, "angles": [[0.5565718264304317, 0.9040839313530044], [0.6186633226106697, 0.4145355698898132]], "AR": 0.6932100453074409, "fname": "BETHE_DATA_OUT/p_2_nu_5QBGCN.tmp"}, "(3, 3)": {"AR": 0.7923981203031227}, "(3, 4)": {"val": -0.5187764711907144, "params": {"p": 3}, "angles": [[0.4300398495157995, 0.13861616334829854, 0.4648460864427608], [0.5822171896292961, 0.1996415783539933, 0.7122885015622064]], "AR": 0.7593882355953572, "fname": "BETHE_DATA_OUT/p_3_nu_4WZIXV.tmp"}, "(3, 5)": {"val": -0.46329155421064594, "params": {"p": 3}, "angles": [[0.4440523029436734, 0.5573614619289531, 0.4738863142986155], [0.32412616801346117, 0.21158492200364892, 0.8145277722998174]], "AR": 0.731645777105323, "fname": "BETHE_DATA_OUT/p_3_nu_5FEMYL.tmp"}, "(4, 3)": {"AR": 0.8168751016475624}, "(4, 4)": {"val": -0.5686084451193676, "params": {"p": 4}, "angles": [[0.44666451851669503, 0.08734232627040518, 0.09534343445291386, 0.8812698035080536], [0.11445073116892575, 0.31927739717489906, 0.9393818914499722, 0.11275354936194078]], "AR": 0.7843042225596838, "fname": "BETHE_DATA_OUT/p_4_nu_4BCPHW.tmp"}, "(4, 5)": {"AR": -1}, "(5, 3)": {"AR": 0.8363793482380077}, "(5, 4)": {"AR": -1}, "(5, 5)": {"AR": -1}, "(6, 3)": {"AR": 0.8498938819897202}, "(6, 4)": {"AR": -1}, "(6, 5)": {"AR": -1}, "(7, 3)": {"val": -0.7195866821655347, "params": {"p": 7}, "angles": [[-0.0493523238711888, -0.09839258095770319, -0.10985635757602093, -0.11956070704673269, -0.13672766483017387, -0.16240011700219237, -0.17858239027369247], [0.20630944944546334, 0.1763197966364396, 0.15593472794440572, 0.14165353933763541, 0.10841115614196888, 0.07761252180192922, 0.0415822753086437]], "AR": 0.8597933410827674, "fname": "BETHE_DATA_OUT/p_7_nu_3QQXRQ.tmp"}, "(7, 4)": {"AR": -1}, "(7, 5)": {"AR": -1}, "(8, 3)": {"val": -0.7348132965625448, "params": {"p": 8}, "angles": [[-0.04688796678681766, -0.09338982183344062, -0.10415260761333754, -0.11267033336109238, -0.12168576405537765, -0.13754969800991665, -0.16323976020946665, -0.1776626311246378], [0.20663419372326838, 0.1765601113879822, 0.15925751711316172, 0.1491898970497995, 0.1335656768266889, 0.10151447588517493, 0.07363264922905097, 0.03912153367507994]], "AR": 0.8674066482812723, "fname": "BETHE_DATA_OUT/p_8_nu_3DWBQT.tmp"}, "(8, 4)": {"AR": -1}, "(8, 5)": {"AR": -1}, "(9, 3)": {"val": -0.7470431280045994, "params": {"p": 9}, "angles": [[-0.044468080889486006, -0.09010290438237079, -0.10046219567277864, -0.10811912839369583, -0.115584789418025, -0.12223997568994761, -0.13918449994403828, -0.1651186254570261, -0.17793310167825818], [0.20832550280895976, 0.1788468551755962, 0.16202336160001019, 0.154945704591743, 0.14369625283474846, 0.1283460737091171, 0.09699867380394211, 0.06997500544914928, 0.03730010717238675]], "AR": 0.8735215640022997, "fname": "BETHE_DATA_OUT/p_9_nu_3JFPPW.tmp"}, "(9, 4)": {"AR": -1}, "(9, 5)": {"AR": -1}, "(10, 3)": {"val": -0.7570550894823187, "params": {"p": 10}, "angles": [[-0.042449228274215656, -0.08671122551230191, -0.09708149524629645, -0.10444703650671942, -0.11072542400820258, -0.1159853421307264, -0.12316644252286602, -0.14039238804427473, -0.16612608998812795, -0.1774990183715152], [0.20867872112595612, 0.17926623486165985, 0.16357568341763143, 0.15774935565577125, 0.14925387180469785, 0.1387013938292617, 0.12365405479730217, 0.09268425980164942, 0.06700711029654356, 0.03577419396077732]], "AR": 0.8785275447411593, "fname": "BETHE_DATA_OUT/p_10_nu_3IYZSA.tmp"}, "(10, 4)": {"AR": -1}, "(10, 5)": {"AR": -1}, "(11, 3)": {"val": -0.7656850816873902, "params": {"p": 11}, "angles": [[-0.04094856171281981, -0.08404026725497223, -0.09418327258197058, -0.10181006290689795, -0.10778062092677021, -0.11173655067228128, -0.11730105364965007, -0.12339402062235748, -0.14062273946380888, -0.1666304914220394, -0.17749559529853787], [0.20895095811785513, 0.179318960263037, 0.16434384880728156, 0.16032258347183154, 0.15336902300058317, 0.14515330542461294, 0.1341468079723457, 0.11802079778094608, 0.08799682350440356, 0.06396341050567904, 0.034138958607656256]], "AR": 0.8828425408436951, "fname": "BETHE_DATA_OUT/p_11_nu_3USVVN.tmp"}, "(11, 4)": {"AR": -1}, "(11, 5)": {"AR": -1}, "(12, 3)": {"val": -0.5995043718361704, "params": {"p": 12}, "angles": [[-0.10282678940894958, -0.11088942727536355, -0.11895206514177752, -0.12701470300819148, -0.13507734087460543, -0.1431399787410194, -0.15120261660743337, -0.15926525447384732, -0.1673278923402613, -0.17539053020667528, -0.18345316807308923, -0.19151580593950318], [0.17670010121855556, 0.16180486757132556, 0.14690963392409553, 0.13201440027686553, 0.11711916662963551, 0.10222393298240551, 0.0873286993351755, 0.07243346568794548, 0.05753823204071547, 0.042642998393485454, 0.027747764746255454, 0.012852531099025422]], "AR": 0.7997521859180852, "fname": "BETHE_DATA_OUT/p_12_nu_3ZKLEQ.tmp"}, "(12, 4)": {"AR": -1}, "(12, 5)": {"AR": -1}}